Student_ID,Student_Name,Total_Marks,Marks_Obtained
S001,Lisa Hernandez,100,57
S002,Paul Lopez,100,77
S003,Laura Johnson,100,76
S004,Kevin Johnson,100,81
S005,Kevin Davis,100,85
S006,Sarah Wilson,100,76
S007,David Wilson,100,77
S008,Michelle Smith,100,98
S009,Lisa Williams,100,97
S010,Chris Moore,100,64
S011,David Gonzalez,100,76
S012,Brian Taylor,100,74
S013,Paul Jones,100,97
S014,Jane Miller,100,79
S015,Kevin Jones,100,68
S016,Mark Martinez,100,77
S017,Mike Brown,100,92
S018,Paul Davis,100,66
S019,Brian Brown,100,56
S020,Amy Miller,100,64
S021,Emily Anderson,100,56
S022,Jessica Smith,100,97
S023,Kevin Jackson,100,96
S024,Brian Smith,100,54
S025,Amy Williams,100,57
S026,David Jackson,100,89
S027,Brian Taylor,100,56
S028,David Davis,100,98
S029,Steve Smith,100,56
S030,Jessica Garcia,100,77
S031,Brian Garcia,100,81
S032,Rachel Williams,100,77
S033,Laura Gonzalez,100,100
S034,Paul Brown,100,79
S035,Anna Martin,100,50
S036,John Martinez,100,89
S037,Tom Martinez,100,86
S038,Mark Wilson,100,63
S039,Kevin Williams,100,61
S040,John Miller,100,93
S041,Paul Gonzalez,100,56
S042,David Thomas,100,86
S043,Paul Moore,100,84
S044,Chris Lopez,100,57
S045,Rachel Thomas,100,54
S046,Jane Thomas,100,62
S047,Mike Lopez,100,64
S048,Kevin Wilson,100,67
S049,Tom Davis,100,68
S050,Mike Johnson,100,72
S051,Rachel Thomas,100,51
S052,Lisa Jones,100,62
S053,Sarah Lopez,100,84
S054,Steve Williams,100,58
S055,Laura Martin,100,97
S056,Sarah Jones,100,60
S057,Jessica Gonzalez,100,62
S058,Anna Taylor,100,60
S059,Kevin Brown,100,69
S060,John Lopez,100,46
S061,Mike Smith,100,66
S062,Sarah Thomas,100,67
S063,Jane Martin,100,48
S064,Laura Johnson,100,91
S065,Emily Brown,100,57
S066,Sarah Jackson,100,65
S067,Michelle Moore,100,70
S068,Amy Miller,100,49
S069,Jessica Rodriguez,100,82
S070,Lisa Brown,100,72
S071,Mike Rodriguez,100,47
S072,Chris Jackson,100,69
S073,Brian Brown,100,45
S074,Michelle Williams,100,90
S075,Mike Smith,100,56
S076,Emily Martin,100,51
S077,Brian Martin,100,72
S078,Mark Moore,100,85
S079,Emily Johnson,100,93
S080,Anna Rodriguez,100,52
S081,Paul Moore,100,70
S082,Laura Martin,100,79
S083,Rachel Smith,100,60
S084,John Johnson,100,80
S085,Michelle Johnson,100,51
S086,John Jackson,100,97
S087,Rachel Thomas,100,79
S088,Tom Martin,100,57
S089,Steve Taylor,100,47
S090,Emily Gonzalez,100,56
S091,Anna Rodriguez,100,77
S092,Lisa Gonzalez,100,91
S093,Michelle Wilson,100,78
S094,Brian Brown,100,59
S095,Brian Anderson,100,65
S096,Anna Garcia,100,56
S097,Laura Williams,100,80
S098,Michelle Rodriguez,100,77
S099,Mark Anderson,100,87
S100,Michelle Wilson,100,60
S101,Emily Gonzalez,100,70
S102,Rachel Jackson,100,87
S103,Amy Thomas,100,79
S104,Rachel Thomas,100,50
S105,Jane Williams,100,95
S106,Anna Rodriguez,100,74
S107,Tom Brown,100,71
S108,Rachel Brown,100,85
S109,Brian Anderson,100,72
S110,Paul Jones,100,50
S111,Amy Davis,100,93
S112,Chris Gonzalez,100,64
S113,Sarah Garcia,100,87
S114,Tom Martin,100,49
S115,Jane Brown,100,56
S116,David Taylor,100,98
S117,Jessica Wilson,100,81
S118,Mark Taylor,100,68
S119,Steve Jones,100,88
S120,Paul Wilson,100,97
S121,Michelle Anderson,100,90
S122,Sarah Anderson,100,88
S123,Paul Smith,100,66
S124,Mike Johnson,100,80
S125,Amy Taylor,100,94
S126,Michelle Miller,100,48
S127,Laura Martin,100,75
S128,Lisa Hernandez,100,64
S129,Rachel Martinez,100,82
S130,Tom Thomas,100,63
S131,Emily Williams,100,52
S132,Amy Martin,100,75
S133,David Brown,100,89
S134,Steve Taylor,100,75
S135,Kevin Taylor,100,95
S136,Emily Hernandez,100,96
S137,Laura Martin,100,80
S138,Lisa Moore,100,100
S139,Sarah Taylor,100,94
S140,Mark Martin,100,73
S141,Tom Williams,100,61
S142,Laura Martin,100,74
S143,Amy Garcia,100,89
S144,Anna Garcia,100,59
S145,Mark Smith,100,68
S146,Emily Jones,100,50
S147,Kevin Williams,100,85
S148,Jessica Hernandez,100,98
S149,Tom Williams,100,76
S150,Paul Garcia,100,62
S151,Anna Martinez,100,77
S152,Brian Thomas,100,72
S153,Laura Smith,100,77
S154,Chris Lopez,100,98
S155,Laura Brown,100,85
S156,Jane Rodriguez,100,94
S157,Jessica Wilson,100,53
S158,Chris Lopez,100,79
S159,David Thomas,100,77
S160,Kevin Jones,100,86
S161,Paul Rodriguez,100,89
S162,Emily Garcia,100,67
S163,Rachel Anderson,100,82
S164,Jane Davis,100,75
S165,Laura Johnson,100,70
S166,Chris Gonzalez,100,94
S167,Brian Taylor,100,59
S168,Brian Martin,100,58
S169,Chris Smith,100,74
S170,Mike Smith,100,66
S171,Anna Anderson,100,62
S172,Sarah Miller,100,89
S173,Laura Moore,100,90
S174,Jessica Johnson,100,95
S175,Chris Miller,100,59
S176,Chris Williams,100,50
S177,Laura Lopez,100,84
S178,Tom Anderson,100,60
S179,Mike Martin,100,64
S180,Mike Brown,100,49
S181,Laura Martinez,100,61
S182,Tom Miller,100,60
S183,John Thomas,100,76
S184,Amy Miller,100,85
S185,Tom Martinez,100,51
S186,Emily Davis,100,72
S187,Lisa Johnson,100,98
S188,Paul Lopez,100,88
S189,Kevin Brown,100,88
S190,Sarah Gonzalez,100,99
S191,Tom Jones,100,97
S192,Paul Jones,100,59
S193,Jessica Taylor,100,69
S194,Mike Jones,100,70
S195,Steve Taylor,100,69
S196,Mark Moore,100,74
S197,Emily Johnson,100,63
S198,Sarah Williams,100,92
S199,Kevin Lopez,100,55
S200,Jane Smith,100,47
S201,David Miller,100,90
S202,David Williams,100,63
S203,Amy Martin,100,57
S204,Sarah Anderson,100,58
S205,Sarah Brown,100,58
S206,Kevin Thomas,100,88
S207,Michelle Williams,100,99
S208,David Anderson,100,80
S209,Amy Martinez,100,67
S210,John Williams,100,83
S211,Anna Garcia,100,58
S212,Chris Davis,100,68
S213,Steve Davis,100,72
S214,Amy Miller,100,61
S215,Paul Davis,100,62
S216,Mark Smith,100,80
S217,Brian Jackson,100,85
S218,Michelle Lopez,100,48
S219,Kevin Miller,100,69
S220,Emily Lopez,100,57
S221,Michelle Miller,100,97
S222,Chris Thomas,100,93
S223,Paul Anderson,100,47
S224,Jessica Jones,100,50
S225,Jessica Martin,100,71
S226,Mark Jones,100,93
S227,Lisa Taylor,100,46
S228,Brian Martin,100,97
S229,Paul Anderson,100,97
S230,Paul Brown,100,56
S231,Mark Martin,100,90
S232,Michelle Moore,100,49
S233,Lisa Jackson,100,50
S234,John Williams,100,56
S235,Amy Lopez,100,98
S236,Lisa Jones,100,54
S237,Mark Jones,100,62
S238,Jane Martinez,100,95
S239,Mark Rodriguez,100,75
S240,Lisa Martinez,100,94
S241,Jessica Taylor,100,96
S242,Brian Jones,100,86
S243,Mike Williams,100,64
S244,Anna Gonzalez,100,93
S245,Rachel Davis,100,70
S246,Michelle Johnson,100,75
S247,Michelle Anderson,100,52
S248,Paul Smith,100,99
S249,Paul Rodriguez,100,77
S250,Laura Rodriguez,100,47
S251,Lisa Williams,100,69
S252,Mike Wilson,100,70
S253,Laura Hernandez,100,63
S254,Brian Garcia,100,96
S255,Rachel Lopez,100,88
S256,David Garcia,100,98
S257,David Gonzalez,100,51
S258,Lisa Garcia,100,95
S259,Sarah Davis,100,98
S260,Anna Lopez,100,94
S261,Mike Jones,100,46
S262,Kevin Gonzalez,100,74
S263,Brian Lopez,100,84
S264,Michelle Brown,100,82
S265,Jessica Martin,100,68
S266,Paul Miller,100,69
S267,Amy Jackson,100,88
S268,Jessica Wilson,100,47
S269,Jane Williams,100,86
S270,Lisa Brown,100,54
S271,Lisa Martinez,100,52
S272,Jane Smith,100,50
S273,Mark Smith,100,55
S274,Mark Moore,100,71
S275,Jane Hernandez,100,92
S276,Mike Gonzalez,100,79
S277,Jessica Martinez,100,71
S278,Steve Martin,100,56
S279,Rachel Gonzalez,100,70
S280,Steve Smith,100,71
S281,Rachel Williams,100,58
S282,Paul Martin,100,94
S283,Kevin Williams,100,46
S284,Mark Garcia,100,76
S285,Emily Hernandez,100,56
S286,Paul Brown,100,49
S287,John Lopez,100,99
S288,Anna Davis,100,79
S289,Mark Jackson,100,50
S290,Sarah Taylor,100,75
S291,Chris Thomas,100,92
S292,Emily Lopez,100,67
S293,Rachel Jackson,100,92
S294,Mark Jackson,100,98
S295,Steve Jones,100,59
S296,Michelle Gonzalez,100,72
S297,Jessica Moore,100,69
S298,Steve Rodriguez,100,100
S299,Lisa Smith,100,57
S300,Chris Anderson,100,82
S301,Jessica Martinez,100,98
S302,David Rodriguez,100,78
S303,Lisa Jackson,100,88
S304,Sarah Martin,100,72
S305,Jane Garcia,100,81
S306,Kevin Brown,100,50
S307,Brian Lopez,100,46
S308,Tom Johnson,100,82
S309,Jessica Jones,100,58
S310,Kevin Hernandez,100,83
S311,John Moore,100,62
S312,Tom Miller,100,91
S313,Tom Lopez,100,66
S314,Rachel Moore,100,91
S315,Anna Hernandez,100,95
S316,Mark Jackson,100,55
S317,Laura Martin,100,56
S318,Mark Garcia,100,82
S319,Mike Anderson,100,78
S320,Mark Gonzalez,100,47
S321,Anna Miller,100,79
S322,Mark Wilson,100,55
S323,Laura Thomas,100,55
S324,Kevin Miller,100,70
S325,Mike Martinez,100,61
S326,Emily Gonzalez,100,95
S327,Michelle Martin,100,58
S328,Chris Jackson,100,92
S329,Steve Williams,100,78
S330,Jane Jones,100,82
S331,Amy Brown,100,52
S332,Kevin Garcia,100,80
S333,Tom Wilson,100,75
S334,Mike Taylor,100,97
S335,Jane Moore,100,97
S336,Mark Lopez,100,81
S337,Paul Williams,100,74
S338,Kevin Moore,100,100
S339,Laura Williams,100,49
S340,Chris Brown,100,86
S341,Jane Thomas,100,86
S342,Paul Jackson,100,91
S343,Jane Jackson,100,57
S344,Mike Moore,100,84
S345,David Thomas,100,75
S346,Lisa Anderson,100,86
S347,Lisa Garcia,100,75
S348,Amy Rodriguez,100,68
S349,John Thomas,100,71
S350,Emily Taylor,100,51
S351,Laura Martinez,100,61
S352,Paul Miller,100,49
S353,Sarah Gonzalez,100,80
S354,Michelle Moore,100,45
S355,Amy Jones,100,70
S356,Jane Davis,100,49
S357,Emily Williams,100,76
S358,Michelle Williams,100,52
S359,Kevin Thomas,100,92
S360,Jane Thomas,100,51
S361,Mark Rodriguez,100,58
S362,Sarah Hernandez,100,50
S363,Mike Brown,100,82
S364,Mark Jackson,100,98
S365,John Davis,100,91
S366,Paul Miller,100,70
S367,Tom Taylor,100,71
S368,John Anderson,100,75
S369,Steve Jones,100,92
S370,Lisa Jackson,100,91
S371,Kevin Anderson,100,89
S372,Michelle Rodriguez,100,49
S373,Amy Jackson,100,82
S374,John Anderson,100,75
S375,Tom Jackson,100,74
S376,Kevin Rodriguez,100,65
S377,Mark Hernandez,100,47
S378,Mark Rodriguez,100,78
S379,Lisa Williams,100,65
S380,Mike Martin,100,92
S381,Rachel Martin,100,89
S382,Steve Jackson,100,91
S383,Rachel Brown,100,76
S384,Amy Gonzalez,100,62
S385,Tom Garcia,100,99
S386,Amy Miller,100,81
S387,Tom Moore,100,54
S388,Emily Martinez,100,45
S389,Steve Martinez,100,97
S390,Kevin Gonzalez,100,76
S391,Jane Miller,100,94
S392,Brian Johnson,100,83
S393,Kevin Taylor,100,56
S394,Steve Taylor,100,94
S395,Emily Brown,100,53
S396,Jane Garcia,100,73
S397,Jessica Johnson,100,71
S398,Paul Jones,100,95
S399,Lisa Brown,100,87
S400,Anna Wilson,100,55
S401,Kevin Jones,100,59
S402,Jane Jones,100,61
S403,Sarah Hernandez,100,92
S404,Lisa Jones,100,80
S405,Michelle Smith,100,76
S406,Amy Wilson,100,98
S407,Sarah Martinez,100,52
S408,Kevin Jones,100,78
S409,Laura Taylor,100,97
S410,Jane Jackson,100,100
S411,Steve Jackson,100,66
S412,Jane Williams,100,95
S413,Mike Anderson,100,82
S414,John Davis,100,47
S415,David Lopez,100,66
S416,Steve Thomas,100,100
S417,Brian Jones,100,73
S418,Emily Martin,100,97
S419,John Wilson,100,64
S420,John Smith,100,95
S421,Jessica Thomas,100,53
S422,Steve Jones,100,93
S423,Mark Anderson,100,63
S424,Sarah Taylor,100,74
S425,Jessica Brown,100,97
S426,Rachel Hernandez,100,94
S427,Mark Miller,100,55
S428,Jessica Williams,100,76
S429,John Gonzalez,100,89
S430,Tom Garcia,100,49
S431,Steve Taylor,100,94
S432,Anna Brown,100,75
S433,Sarah Rodriguez,100,57
S434,John Jones,100,88
S435,Jane Miller,100,100
S436,Emily Williams,100,81
S437,Steve Martin,100,58
S438,Mark Lopez,100,66
S439,Amy Moore,100,67
S440,Kevin Thomas,100,93
S441,Michelle Martinez,100,59
S442,Laura Taylor,100,87
S443,Anna Williams,100,53
S444,Anna Rodriguez,100,81
S445,Mike Miller,100,47
S446,Laura Taylor,100,50
S447,Rachel Martinez,100,88
S448,John Wilson,100,60
S449,Brian Taylor,100,93
S450,Rachel Smith,100,79
S451,Emily Anderson,100,67
S452,Jane Jones,100,99
S453,Tom Miller,100,59
S454,Anna Johnson,100,51
S455,Jessica Brown,100,60
S456,Brian Martinez,100,78
S457,Paul Smith,100,51
S458,John Williams,100,97
S459,Tom Taylor,100,78
S460,Anna Jackson,100,52
S461,Laura Miller,100,74
S462,Rachel Williams,100,70
S463,Paul Hernandez,100,68
S464,Kevin Thomas,100,82
S465,Brian Wilson,100,99
S466,Mike Garcia,100,47
S467,Amy Jones,100,73
S468,Brian Thomas,100,94
S469,John Moore,100,98
S470,David Brown,100,80
S471,Emily Thomas,100,75
S472,Michelle Johnson,100,93
S473,Chris Moore,100,62
S474,Sarah Wilson,100,93
S475,Mike Garcia,100,76
S476,Michelle Williams,100,96
S477,Amy Martinez,100,64
S478,Amy Anderson,100,73
S479,Emily Jackson,100,96
S480,Emily Wilson,100,60
S481,Sarah Martinez,100,47
S482,Kevin Hernandez,100,88
S483,Jessica Wilson,100,49
S484,John Smith,100,87
S485,David Davis,100,69
S486,Kevin Brown,100,62
S487,Amy Williams,100,50
S488,Sarah Jackson,100,72
S489,Emily Thomas,100,86
S490,Tom Brown,100,55
S491,Jessica Thomas,100,64
S492,Kevin Jackson,100,68
S493,Steve Garcia,100,62
S494,Jessica Gonzalez,100,82
S495,Jane Davis,100,56
S496,Steve Smith,100,69
S497,Mark Davis,100,50
S498,Laura Jackson,100,67
S499,Jane Martin,100,54
S500,Jessica Johnson,100,93